<?xml version="1.0" encoding="UTF-8" standalone="no"?>
<DIAGRAMA ID="1" TIPO="tpConceitual" UniversalUnicID="29D7-1A-502C-70-4FB-9-54">
<InfoDiagrama ID="1">
<Versao Valor="3.2.0"/>
<Autores/>
<Observacao/>
<Width Valor="4096"/>
<Height Valor="4096"/>
<Alinhamento_v Valor="50"/>
<Alinhamento_h Valor="60"/>
<Zoom Valor="125"/>
<Fonte Estilo="1" Nome="Arial" Tamanho="12"/>
<Localizacao Left="42" Top="88"/>
<Realce Valor="false"/>
</InfoDiagrama>
<Entidade ID="4">
<Bounds Height="58" Left="60" Top="277" Width="120"/>
<DisablePainted Valor="false"/>
<Texto>cliente</Texto>
<Observacao/>
<Dicionario/>
<Fonte Estilo="1" Nome="Arial" Tamanho="12"/>
<Ancorado Valor="false"/>
<AtributosOcultos Valor=""/>
</Entidade>
<Entidade ID="15">
<Bounds Height="58" Left="337" Top="276" Width="120"/>
<DisablePainted Valor="false"/>
<Texto>pedido</Texto>
<Observacao/>
<Dicionario/>
<Fonte Estilo="1" Nome="Arial" Tamanho="12"/>
<Ancorado Valor="false"/>
<AtributosOcultos Valor=""/>
</Entidade>
<Entidade ID="18">
<Bounds Height="58" Left="803" Top="277" Width="120"/>
<DisablePainted Valor="false"/>
<Texto>item_pedido</Texto>
<Observacao/>
<Dicionario/>
<Fonte Estilo="1" Nome="Arial" Tamanho="12"/>
<Ancorado Valor="false"/>
<AtributosOcultos Valor=""/>
</Entidade>
<Entidade ID="23">
<Bounds Height="58" Left="1168" Top="277" Width="120"/>
<DisablePainted Valor="false"/>
<Texto>estoque</Texto>
<Observacao/>
<Dicionario/>
<Fonte Estilo="1" Nome="Arial" Tamanho="12"/>
<Ancorado Valor="false"/>
<AtributosOcultos Valor=""/>
</Entidade>
<Entidade ID="28">
<Bounds Height="58" Left="336" Top="56" Width="120"/>
<DisablePainted Valor="false"/>
<Texto>pagamento</Texto>
<Observacao/>
<Dicionario/>
<Fonte Estilo="1" Nome="Arial" Tamanho="12"/>
<Ancorado Valor="false"/>
<AtributosOcultos Valor=""/>
</Entidade>
<Entidade ID="33">
<Bounds Height="58" Left="575" Top="56" Width="120"/>
<DisablePainted Valor="false"/>
<Texto>categoria</Texto>
<Observacao/>
<Dicionario/>
<Fonte Estilo="1" Nome="Arial" Tamanho="12"/>
<Ancorado Valor="false"/>
<AtributosOcultos Valor=""/>
</Entidade>
<Entidade ID="34">
<Bounds Height="58" Left="899" Top="56" Width="120"/>
<DisablePainted Valor="false"/>
<Texto>produto</Texto>
<Observacao/>
<Dicionario/>
<Fonte Estilo="1" Nome="Arial" Tamanho="12"/>
<Ancorado Valor="false"/>
<AtributosOcultos Valor=""/>
</Entidade>
<Entidade ID="46">
<Bounds Height="58" Left="337" Top="492" Width="120"/>
<DisablePainted Valor="false"/>
<Texto>funcionario</Texto>
<Observacao/>
<Dicionario/>
<Fonte Estilo="1" Nome="Arial" Tamanho="12"/>
<Ancorado Valor="false"/>
<AtributosOcultos Valor=""/>
</Entidade>
<Entidade ID="55">
<Bounds Height="58" Left="803" Top="494" Width="120"/>
<DisablePainted Valor="false"/>
<Texto>loja</Texto>
<Observacao/>
<Dicionario/>
<Fonte Estilo="1" Nome="Arial" Tamanho="12"/>
<Ancorado Valor="false"/>
<AtributosOcultos Valor=""/>
</Entidade>
<Relacionamento ID="120">
<Bounds Height="48" Left="610" Top="283" Width="83"/>
<DisablePainted Valor="false"/>
<Texto>tem</Texto>
<Observacao/>
<Dicionario/>
<Fonte Estilo="1" Nome="Arial" Tamanho="12"/>
<Ancorado Valor="false"/>
</Relacionamento>
<Ligacao ID="123">
<DisablePainted Valor="false"/>
<Tag LinhaMestre="-1"/>
<Dashed Valor="false"/>
<Ancorado Valor="false"/>
<TemSetaPontaA Valor="false"/>
<TemSetaPontaB Valor="false"/>
<SetaAberta Valor="true"/>
<SetaLargura Valor="10"/>
<Inteligente Valor="true"/>
<Largura Valor="1"/>
<Ligacoes PontaA="120" PontaB="15"/>
<Pontos>
<Ponto Left="607" Top="304"/>
<Ponto Left="535" Top="304"/>
<Ponto Left="535" Top="304"/>
<Ponto Left="454" Top="303"/>
</Pontos>
<Cardinalidade ID="124">
<Bounds Height="15" Left="464" Top="290" Width="34"/>
<DisablePainted Valor="false"/>
<Texto>Cardinalidade_3</Texto>
<Observacao/>
<Dicionario/>
<Fonte Estilo="1" Nome="Arial" Tamanho="12"/>
<Ancorado Valor="false"/>
<TamanhoAutmatico Valor="true"/>
<Card Valor="0"/>
<MovimentacaoManual Valor="false"/>
<Papel Valor=""/>
</Cardinalidade>
</Ligacao>
<Ligacao ID="125">
<DisablePainted Valor="false"/>
<Tag LinhaMestre="-1"/>
<Dashed Valor="false"/>
<Ancorado Valor="false"/>
<TemSetaPontaA Valor="false"/>
<TemSetaPontaB Valor="false"/>
<SetaAberta Valor="true"/>
<SetaLargura Valor="10"/>
<Inteligente Valor="true"/>
<Largura Valor="1"/>
<Ligacoes PontaA="18" PontaB="120"/>
<Pontos>
<Ponto Left="799" Top="304"/>
<Ponto Left="745" Top="304"/>
<Ponto Left="745" Top="304"/>
<Ponto Left="690" Top="304"/>
</Pontos>
<Cardinalidade ID="190">
<Bounds Height="15" Left="760" Top="291" Width="35"/>
<DisablePainted Valor="false"/>
<Texto>Cardinalidade_2</Texto>
<Observacao/>
<Dicionario/>
<Fonte Estilo="1" Nome="Arial" Tamanho="12"/>
<Ancorado Valor="false"/>
<TamanhoAutmatico Valor="true"/>
<Card Valor="2"/>
<MovimentacaoManual Valor="false"/>
<Papel Valor=""/>
</Cardinalidade>
</Ligacao>
<Relacionamento ID="151">
<Bounds Height="33" Left="228" Top="291" Width="54"/>
<DisablePainted Valor="false"/>
<Texto>faz</Texto>
<Observacao/>
<Dicionario/>
<Fonte Estilo="1" Nome="Arial" Tamanho="12"/>
<Ancorado Valor="false"/>
</Relacionamento>
<Relacionamento ID="211">
<Bounds Height="49" Left="1011" Top="283" Width="84"/>
<DisablePainted Valor="false"/>
<Texto>possui</Texto>
<Observacao/>
<Dicionario/>
<Fonte Estilo="1" Nome="Arial" Tamanho="12"/>
<Ancorado Valor="false"/>
</Relacionamento>
<Relacionamento ID="233">
<Bounds Height="38" Left="361" Top="401" Width="67"/>
<DisablePainted Valor="false"/>
<Texto>possui</Texto>
<Observacao/>
<Dicionario/>
<Fonte Estilo="1" Nome="Arial" Tamanho="12"/>
<Ancorado Valor="false"/>
</Relacionamento>
<Ligacao ID="237">
<DisablePainted Valor="false"/>
<Tag LinhaMestre="-1"/>
<Dashed Valor="false"/>
<Ancorado Valor="false"/>
<TemSetaPontaA Valor="false"/>
<TemSetaPontaB Valor="false"/>
<SetaAberta Valor="true"/>
<SetaLargura Valor="10"/>
<Inteligente Valor="true"/>
<Largura Valor="1"/>
<Ligacoes PontaA="233" PontaB="15"/>
<Pontos>
<Ponto Left="391" Top="398"/>
<Ponto Left="391" Top="364"/>
<Ponto Left="391" Top="364"/>
<Ponto Left="391" Top="331"/>
</Pontos>
<Cardinalidade ID="238">
<Bounds Height="15" Left="358" Top="341" Width="35"/>
<DisablePainted Valor="false"/>
<Texto>Cardinalidade_7</Texto>
<Observacao/>
<Dicionario/>
<Fonte Estilo="1" Nome="Arial" Tamanho="12"/>
<Ancorado Valor="false"/>
<TamanhoAutmatico Valor="true"/>
<Card Valor="2"/>
<MovimentacaoManual Valor="false"/>
<Papel Valor=""/>
</Cardinalidade>
</Ligacao>
<Ligacao ID="239">
<DisablePainted Valor="false"/>
<Tag LinhaMestre="-1"/>
<Dashed Valor="false"/>
<Ancorado Valor="false"/>
<TemSetaPontaA Valor="false"/>
<TemSetaPontaB Valor="false"/>
<SetaAberta Valor="true"/>
<SetaLargura Valor="10"/>
<Inteligente Valor="true"/>
<Largura Valor="1"/>
<Ligacoes PontaA="-1" PontaB="233"/>
<Pontos>
<Ponto Left="391" Top="436"/>
<Ponto Left="391" Top="436"/>
</Pontos>
</Ligacao>
<Ligacao ID="241">
<DisablePainted Valor="false"/>
<Tag LinhaMestre="-1"/>
<Dashed Valor="false"/>
<Ancorado Valor="false"/>
<TemSetaPontaA Valor="false"/>
<TemSetaPontaB Valor="false"/>
<SetaAberta Valor="true"/>
<SetaLargura Valor="10"/>
<Inteligente Valor="true"/>
<Largura Valor="1"/>
<Ligacoes PontaA="233" PontaB="46"/>
<Pontos>
<Ponto Left="391" Top="436"/>
<Ponto Left="391" Top="462"/>
<Ponto Left="391" Top="462"/>
<Ponto Left="391" Top="488"/>
</Pontos>
<Cardinalidade ID="242">
<Bounds Height="15" Left="359" Top="469" Width="34"/>
<DisablePainted Valor="false"/>
<Texto>Cardinalidade_8</Texto>
<Observacao/>
<Dicionario/>
<Fonte Estilo="1" Nome="Arial" Tamanho="12"/>
<Ancorado Valor="false"/>
<TamanhoAutmatico Valor="true"/>
<Card Valor="0"/>
<MovimentacaoManual Valor="false"/>
<Papel Valor=""/>
</Cardinalidade>
</Ligacao>
<Relacionamento ID="260">
<Bounds Height="42" Left="360" Top="173" Width="67"/>
<DisablePainted Valor="false"/>
<Texto>realiza</Texto>
<Observacao/>
<Dicionario/>
<Fonte Estilo="1" Nome="Arial" Tamanho="12"/>
<Ancorado Valor="false"/>
</Relacionamento>
<Relacionamento ID="267">
<Bounds Height="50" Left="1185" Top="133" Width="90"/>
<DisablePainted Valor="false"/>
<Texto>tem</Texto>
<Observacao/>
<Dicionario/>
<Fonte Estilo="1" Nome="Arial" Tamanho="12"/>
<Ancorado Valor="false"/>
</Relacionamento>
<Ligacao ID="268">
<DisablePainted Valor="false"/>
<Tag LinhaMestre="-1"/>
<Dashed Valor="false"/>
<Ancorado Valor="false"/>
<TemSetaPontaA Valor="false"/>
<TemSetaPontaB Valor="false"/>
<SetaAberta Valor="true"/>
<SetaLargura Valor="10"/>
<Inteligente Valor="true"/>
<Largura Valor="1"/>
<Ligacoes PontaA="267" PontaB="23"/>
<Pontos>
<Ponto Left="1227" Top="180"/>
<Ponto Left="1227" Top="227"/>
<Ponto Left="1227" Top="227"/>
<Ponto Left="1227" Top="273"/>
</Pontos>
<Cardinalidade ID="269">
<Bounds Height="15" Left="1194" Top="254" Width="35"/>
<DisablePainted Valor="false"/>
<Texto>Cardinalidade_11</Texto>
<Observacao/>
<Dicionario/>
<Fonte Estilo="1" Nome="Arial" Tamanho="12"/>
<Ancorado Valor="false"/>
<TamanhoAutmatico Valor="true"/>
<Card Valor="2"/>
<MovimentacaoManual Valor="false"/>
<Papel Valor=""/>
</Cardinalidade>
</Ligacao>
<Ligacao ID="270">
<DisablePainted Valor="false"/>
<Tag LinhaMestre="-1"/>
<Dashed Valor="false"/>
<Ancorado Valor="false"/>
<TemSetaPontaA Valor="false"/>
<TemSetaPontaB Valor="false"/>
<SetaAberta Valor="true"/>
<SetaLargura Valor="10"/>
<Inteligente Valor="true"/>
<Largura Valor="1"/>
<Ligacoes PontaA="267" PontaB="34"/>
<Pontos>
<Ponto Left="1227" Top="130"/>
<Ponto Left="1227" Top="77"/>
<Ponto Left="1016" Top="78"/>
</Pontos>
<Cardinalidade ID="271">
<Bounds Height="15" Left="1026" Top="65" Width="34"/>
<DisablePainted Valor="false"/>
<Texto>Cardinalidade_12</Texto>
<Observacao/>
<Dicionario/>
<Fonte Estilo="1" Nome="Arial" Tamanho="12"/>
<Ancorado Valor="false"/>
<TamanhoAutmatico Valor="true"/>
<Card Valor="0"/>
<MovimentacaoManual Valor="false"/>
<Papel Valor=""/>
</Cardinalidade>
</Ligacao>
<Relacionamento ID="275">
<Bounds Height="44" Left="1187" Top="492" Width="84"/>
<DisablePainted Valor="false"/>
<Texto>tem</Texto>
<Observacao/>
<Dicionario/>
<Fonte Estilo="1" Nome="Arial" Tamanho="12"/>
<Ancorado Valor="false"/>
</Relacionamento>
<Relacionamento ID="276">
<Bounds Height="50" Left="611" Top="496" Width="88"/>
<DisablePainted Valor="false"/>
<Texto>tem</Texto>
<Observacao/>
<Dicionario/>
<Fonte Estilo="1" Nome="Arial" Tamanho="12"/>
<Ancorado Valor="false"/>
</Relacionamento>
<Relacionamento ID="277">
<Bounds Height="50" Left="753" Top="58" Width="90"/>
<DisablePainted Valor="false"/>
<Texto>possui</Texto>
<Observacao/>
<Dicionario/>
<Fonte Estilo="1" Nome="Arial" Tamanho="12"/>
<Ancorado Valor="false"/>
</Relacionamento>
<Ligacao ID="303">
<DisablePainted Valor="false"/>
<Tag LinhaMestre="-1"/>
<Dashed Valor="false"/>
<Ancorado Valor="false"/>
<TemSetaPontaA Valor="false"/>
<TemSetaPontaB Valor="false"/>
<SetaAberta Valor="true"/>
<SetaLargura Valor="10"/>
<Inteligente Valor="true"/>
<Largura Valor="1"/>
<Ligacoes PontaA="23" PontaB="211"/>
<Pontos>
<Ponto Left="1164" Top="304"/>
<Ponto Left="1128" Top="304"/>
<Ponto Left="1128" Top="304"/>
<Ponto Left="1092" Top="304"/>
</Pontos>
<Cardinalidade ID="304">
<Bounds Height="15" Left="1126" Top="291" Width="34"/>
<DisablePainted Valor="false"/>
<Texto>Cardinalidade_6</Texto>
<Observacao/>
<Dicionario/>
<Fonte Estilo="1" Nome="Arial" Tamanho="12"/>
<Ancorado Valor="false"/>
<TamanhoAutmatico Valor="true"/>
<Card Valor="0"/>
<MovimentacaoManual Valor="false"/>
<Papel Valor=""/>
</Cardinalidade>
</Ligacao>
<Ligacao ID="318">
<DisablePainted Valor="false"/>
<Tag LinhaMestre="-1"/>
<Dashed Valor="false"/>
<Ancorado Valor="false"/>
<TemSetaPontaA Valor="false"/>
<TemSetaPontaB Valor="false"/>
<SetaAberta Valor="true"/>
<SetaLargura Valor="10"/>
<Inteligente Valor="true"/>
<Largura Valor="1"/>
<Ligacoes PontaA="4" PontaB="151"/>
<Pontos>
<Ponto Left="177" Top="304"/>
<Ponto Left="201" Top="304"/>
<Ponto Left="201" Top="304"/>
<Ponto Left="225" Top="304"/>
</Pontos>
<Cardinalidade ID="319">
<Bounds Height="15" Left="187" Top="291" Width="34"/>
<DisablePainted Valor="false"/>
<Texto>Cardinalidade_4</Texto>
<Observacao/>
<Dicionario/>
<Fonte Estilo="1" Nome="Arial" Tamanho="12"/>
<Ancorado Valor="false"/>
<TamanhoAutmatico Valor="true"/>
<Card Valor="0"/>
<MovimentacaoManual Valor="false"/>
<Papel Valor=""/>
</Cardinalidade>
</Ligacao>
<Ligacao ID="320">
<DisablePainted Valor="false"/>
<Tag LinhaMestre="-1"/>
<Dashed Valor="false"/>
<Ancorado Valor="false"/>
<TemSetaPontaA Valor="false"/>
<TemSetaPontaB Valor="false"/>
<SetaAberta Valor="true"/>
<SetaLargura Valor="10"/>
<Inteligente Valor="true"/>
<Largura Valor="1"/>
<Ligacoes PontaA="15" PontaB="151"/>
<Pontos>
<Ponto Left="333" Top="304"/>
<Ponto Left="306" Top="304"/>
<Ponto Left="306" Top="304"/>
<Ponto Left="279" Top="304"/>
</Pontos>
<Cardinalidade ID="321">
<Bounds Height="15" Left="294" Top="291" Width="35"/>
<DisablePainted Valor="false"/>
<Texto>Cardinalidade_1</Texto>
<Observacao/>
<Dicionario/>
<Fonte Estilo="1" Nome="Arial" Tamanho="12"/>
<Ancorado Valor="false"/>
<TamanhoAutmatico Valor="true"/>
<Card Valor="2"/>
<MovimentacaoManual Valor="false"/>
<Papel Valor=""/>
</Cardinalidade>
</Ligacao>
<Ligacao ID="342">
<DisablePainted Valor="false"/>
<Tag LinhaMestre="-1"/>
<Dashed Valor="false"/>
<Ancorado Valor="false"/>
<TemSetaPontaA Valor="false"/>
<TemSetaPontaB Valor="false"/>
<SetaAberta Valor="true"/>
<SetaLargura Valor="10"/>
<Inteligente Valor="true"/>
<Largura Valor="1"/>
<Ligacoes PontaA="34" PontaB="277"/>
<Pontos>
<Ponto Left="895" Top="80"/>
<Ponto Left="868" Top="80"/>
<Ponto Left="868" Top="80"/>
<Ponto Left="840" Top="80"/>
</Pontos>
<Cardinalidade ID="343">
<Bounds Height="15" Left="856" Top="67" Width="35"/>
<DisablePainted Valor="false"/>
<Texto>Cardinalidade_9</Texto>
<Observacao/>
<Dicionario/>
<Fonte Estilo="1" Nome="Arial" Tamanho="12"/>
<Ancorado Valor="false"/>
<TamanhoAutmatico Valor="true"/>
<Card Valor="2"/>
<MovimentacaoManual Valor="false"/>
<Papel Valor=""/>
</Cardinalidade>
</Ligacao>
<Ligacao ID="347">
<DisablePainted Valor="false"/>
<Tag LinhaMestre="-1"/>
<Dashed Valor="false"/>
<Ancorado Valor="false"/>
<TemSetaPontaA Valor="false"/>
<TemSetaPontaB Valor="false"/>
<SetaAberta Valor="true"/>
<SetaLargura Valor="10"/>
<Inteligente Valor="true"/>
<Largura Valor="1"/>
<Ligacoes PontaA="33" PontaB="277"/>
<Pontos>
<Ponto Left="692" Top="80"/>
<Ponto Left="721" Top="80"/>
<Ponto Left="721" Top="80"/>
<Ponto Left="750" Top="80"/>
</Pontos>
<Cardinalidade ID="348">
<Bounds Height="15" Left="702" Top="67" Width="34"/>
<DisablePainted Valor="false"/>
<Texto>Cardinalidade_13</Texto>
<Observacao/>
<Dicionario/>
<Fonte Estilo="1" Nome="Arial" Tamanho="12"/>
<Ancorado Valor="false"/>
<TamanhoAutmatico Valor="true"/>
<Card Valor="0"/>
<MovimentacaoManual Valor="false"/>
<Papel Valor=""/>
</Cardinalidade>
</Ligacao>
<Ligacao ID="359">
<DisablePainted Valor="false"/>
<Tag LinhaMestre="-1"/>
<Dashed Valor="false"/>
<Ancorado Valor="false"/>
<TemSetaPontaA Valor="false"/>
<TemSetaPontaB Valor="false"/>
<SetaAberta Valor="true"/>
<SetaLargura Valor="10"/>
<Inteligente Valor="true"/>
<Largura Valor="1"/>
<Ligacoes PontaA="28" PontaB="260"/>
<Pontos>
<Ponto Left="390" Top="111"/>
<Ponto Left="390" Top="140"/>
<Ponto Left="390" Top="140"/>
<Ponto Left="390" Top="170"/>
</Pontos>
<Cardinalidade ID="360">
<Bounds Height="15" Left="358" Top="121" Width="34"/>
<DisablePainted Valor="false"/>
<Texto>Cardinalidade_14</Texto>
<Observacao/>
<Dicionario/>
<Fonte Estilo="1" Nome="Arial" Tamanho="12"/>
<Ancorado Valor="false"/>
<TamanhoAutmatico Valor="true"/>
<Card Valor="0"/>
<MovimentacaoManual Valor="false"/>
<Papel Valor=""/>
</Cardinalidade>
</Ligacao>
<Ligacao ID="388">
<DisablePainted Valor="false"/>
<Tag LinhaMestre="-1"/>
<Dashed Valor="false"/>
<Ancorado Valor="false"/>
<TemSetaPontaA Valor="false"/>
<TemSetaPontaB Valor="false"/>
<SetaAberta Valor="true"/>
<SetaLargura Valor="10"/>
<Inteligente Valor="true"/>
<Largura Valor="1"/>
<Ligacoes PontaA="23" PontaB="275"/>
<Pontos>
<Ponto Left="1226" Top="332"/>
<Ponto Left="1226" Top="410"/>
<Ponto Left="1226" Top="410"/>
<Ponto Left="1226" Top="489"/>
</Pontos>
<Cardinalidade ID="389">
<Bounds Height="15" Left="1193" Top="342" Width="35"/>
<DisablePainted Valor="false"/>
<Texto>Cardinalidade_17</Texto>
<Observacao/>
<Dicionario/>
<Fonte Estilo="1" Nome="Arial" Tamanho="12"/>
<Ancorado Valor="false"/>
<TamanhoAutmatico Valor="true"/>
<Card Valor="2"/>
<MovimentacaoManual Valor="false"/>
<Papel Valor=""/>
</Cardinalidade>
</Ligacao>
<Ligacao ID="398">
<DisablePainted Valor="false"/>
<Tag LinhaMestre="-1"/>
<Dashed Valor="false"/>
<Ancorado Valor="false"/>
<TemSetaPontaA Valor="false"/>
<TemSetaPontaB Valor="false"/>
<SetaAberta Valor="true"/>
<SetaLargura Valor="10"/>
<Inteligente Valor="true"/>
<Largura Valor="1"/>
<Ligacoes PontaA="276" PontaB="55"/>
<Pontos>
<Ponto Left="696" Top="518"/>
<Ponto Left="727" Top="520"/>
<Ponto Left="727" Top="520"/>
<Ponto Left="799" Top="519"/>
</Pontos>
<Cardinalidade ID="399">
<Bounds Height="15" Left="761" Top="506" Width="34"/>
<DisablePainted Valor="false"/>
<Texto>Cardinalidade_19</Texto>
<Observacao/>
<Dicionario/>
<Fonte Estilo="1" Nome="Arial" Tamanho="12"/>
<Ancorado Valor="false"/>
<TamanhoAutmatico Valor="true"/>
<Card Valor="0"/>
<MovimentacaoManual Valor="false"/>
<Papel Valor=""/>
</Cardinalidade>
</Ligacao>
<Ligacao ID="400">
<DisablePainted Valor="false"/>
<Tag LinhaMestre="-1"/>
<Dashed Valor="false"/>
<Ancorado Valor="false"/>
<TemSetaPontaA Valor="false"/>
<TemSetaPontaB Valor="false"/>
<SetaAberta Valor="true"/>
<SetaLargura Valor="10"/>
<Inteligente Valor="true"/>
<Largura Valor="1"/>
<Ligacoes PontaA="276" PontaB="46"/>
<Pontos>
<Ponto Left="608" Top="518"/>
<Ponto Left="536" Top="518"/>
<Ponto Left="536" Top="518"/>
<Ponto Left="454" Top="517"/>
</Pontos>
<Cardinalidade ID="401">
<Bounds Height="15" Left="464" Top="504" Width="35"/>
<DisablePainted Valor="false"/>
<Texto>Cardinalidade_10</Texto>
<Observacao/>
<Dicionario/>
<Fonte Estilo="1" Nome="Arial" Tamanho="12"/>
<Ancorado Valor="false"/>
<TamanhoAutmatico Valor="true"/>
<Card Valor="2"/>
<MovimentacaoManual Valor="false"/>
<Papel Valor=""/>
</Cardinalidade>
</Ligacao>
<Atributo ID="421">
<Bounds Height="14" Left="836" Top="408" Width="32"/>
<DisablePainted Valor="false"/>
<Texto>id</Texto>
<Observacao/>
<Dicionario/>
<Fonte Estilo="1" Nome="Arial" Tamanho="12"/>
<Ancorado Valor="false"/>
<DirecaoFromInspector Valor="0"/>
<Autosize Valor="true"/>
<Identificador Valor="true"/>
<Opcional Valor="false"/>
<Multivalorado Valor="false"/>
<CardMinFromString Valor="1"/>
<CardMaxFromString Valor="n"/>
<TipoAtributo Valor=""/>
</Atributo>
<Ligacao ID="422">
<DisablePainted Valor="false"/>
<Tag LinhaMestre="-1"/>
<Dashed Valor="false"/>
<Ancorado Valor="false"/>
<TemSetaPontaA Valor="false"/>
<TemSetaPontaB Valor="false"/>
<SetaAberta Valor="true"/>
<SetaLargura Valor="10"/>
<Inteligente Valor="true"/>
<Largura Valor="1"/>
<Ligacoes PontaA="421" PontaB="18"/>
<Pontos>
<Ponto Left="832" Top="412"/>
<Ponto Left="819" Top="412"/>
<Ponto Left="819" Top="332"/>
</Pontos>
</Ligacao>
<Atributo ID="429">
<Bounds Height="14" Left="876" Top="585" Width="32"/>
<DisablePainted Valor="false"/>
<Texto>id</Texto>
<Observacao/>
<Dicionario/>
<Fonte Estilo="1" Nome="Arial" Tamanho="12"/>
<Ancorado Valor="false"/>
<DirecaoFromInspector Valor="0"/>
<Autosize Valor="true"/>
<Identificador Valor="true"/>
<Opcional Valor="false"/>
<Multivalorado Valor="false"/>
<CardMinFromString Valor="1"/>
<CardMaxFromString Valor="n"/>
<TipoAtributo Valor=""/>
</Atributo>
<Ligacao ID="430">
<DisablePainted Valor="false"/>
<Tag LinhaMestre="-1"/>
<Dashed Valor="false"/>
<Ancorado Valor="false"/>
<TemSetaPontaA Valor="false"/>
<TemSetaPontaB Valor="false"/>
<SetaAberta Valor="true"/>
<SetaLargura Valor="10"/>
<Inteligente Valor="true"/>
<Largura Valor="1"/>
<Ligacoes PontaA="429" PontaB="55"/>
<Pontos>
<Ponto Left="872" Top="589"/>
<Ponto Left="846" Top="589"/>
<Ponto Left="846" Top="549"/>
</Pontos>
</Ligacao>
<Atributo ID="431">
<Bounds Height="14" Left="376" Top="645" Width="32"/>
<DisablePainted Valor="false"/>
<Texto>id</Texto>
<Observacao/>
<Dicionario/>
<Fonte Estilo="1" Nome="Arial" Tamanho="12"/>
<Ancorado Valor="false"/>
<DirecaoFromInspector Valor="0"/>
<Autosize Valor="true"/>
<Identificador Valor="true"/>
<Opcional Valor="false"/>
<Multivalorado Valor="false"/>
<CardMinFromString Valor="1"/>
<CardMaxFromString Valor="n"/>
<TipoAtributo Valor=""/>
</Atributo>
<Ligacao ID="432">
<DisablePainted Valor="false"/>
<Tag LinhaMestre="-1"/>
<Dashed Valor="false"/>
<Ancorado Valor="false"/>
<TemSetaPontaA Valor="false"/>
<TemSetaPontaB Valor="false"/>
<SetaAberta Valor="true"/>
<SetaLargura Valor="10"/>
<Inteligente Valor="true"/>
<Largura Valor="1"/>
<Ligacoes PontaA="431" PontaB="46"/>
<Pontos>
<Ponto Left="372" Top="649"/>
<Ponto Left="354" Top="649"/>
<Ponto Left="354" Top="547"/>
</Pontos>
</Ligacao>
<Atributo ID="433">
<Bounds Height="14" Left="425" Top="141" Width="32"/>
<DisablePainted Valor="false"/>
<Texto>id</Texto>
<Observacao/>
<Dicionario/>
<Fonte Estilo="1" Nome="Arial" Tamanho="12"/>
<Ancorado Valor="false"/>
<DirecaoFromInspector Valor="0"/>
<Autosize Valor="true"/>
<Identificador Valor="true"/>
<Opcional Valor="false"/>
<Multivalorado Valor="false"/>
<CardMinFromString Valor="1"/>
<CardMaxFromString Valor="n"/>
<TipoAtributo Valor=""/>
</Atributo>
<Ligacao ID="434">
<DisablePainted Valor="false"/>
<Tag LinhaMestre="-1"/>
<Dashed Valor="false"/>
<Ancorado Valor="false"/>
<TemSetaPontaA Valor="false"/>
<TemSetaPontaB Valor="false"/>
<SetaAberta Valor="true"/>
<SetaLargura Valor="10"/>
<Inteligente Valor="true"/>
<Largura Valor="1"/>
<Ligacoes PontaA="433" PontaB="28"/>
<Pontos>
<Ponto Left="421" Top="145"/>
<Ponto Left="406" Top="145"/>
<Ponto Left="406" Top="111"/>
</Pontos>
</Ligacao>
<Atributo ID="438">
<Bounds Height="14" Left="1343" Top="280" Width="32"/>
<DisablePainted Valor="false"/>
<Texto>id</Texto>
<Observacao/>
<Dicionario/>
<Fonte Estilo="1" Nome="Arial" Tamanho="12"/>
<Ancorado Valor="false"/>
<DirecaoFromInspector Valor="0"/>
<Autosize Valor="true"/>
<Identificador Valor="true"/>
<Opcional Valor="false"/>
<Multivalorado Valor="false"/>
<CardMinFromString Valor="1"/>
<CardMaxFromString Valor="n"/>
<TipoAtributo Valor=""/>
</Atributo>
<Ligacao ID="439">
<DisablePainted Valor="false"/>
<Tag LinhaMestre="-1"/>
<Dashed Valor="false"/>
<Ancorado Valor="false"/>
<TemSetaPontaA Valor="false"/>
<TemSetaPontaB Valor="false"/>
<SetaAberta Valor="true"/>
<SetaLargura Valor="10"/>
<Inteligente Valor="true"/>
<Largura Valor="1"/>
<Ligacoes PontaA="438" PontaB="23"/>
<Pontos>
<Ponto Left="1339" Top="284"/>
<Ponto Left="1312" Top="284"/>
<Ponto Left="1312" Top="284"/>
<Ponto Left="1285" Top="284"/>
</Pontos>
</Ligacao>
<Atributo ID="452">
<Bounds Height="14" Left="644" Top="139" Width="32"/>
<DisablePainted Valor="false"/>
<Texto>id</Texto>
<Observacao/>
<Dicionario/>
<Fonte Estilo="1" Nome="Arial" Tamanho="12"/>
<Ancorado Valor="false"/>
<DirecaoFromInspector Valor="0"/>
<Autosize Valor="true"/>
<Identificador Valor="true"/>
<Opcional Valor="false"/>
<Multivalorado Valor="false"/>
<CardMinFromString Valor="1"/>
<CardMaxFromString Valor="n"/>
<TipoAtributo Valor=""/>
</Atributo>
<Ligacao ID="453">
<DisablePainted Valor="false"/>
<Tag LinhaMestre="-1"/>
<Dashed Valor="false"/>
<Ancorado Valor="false"/>
<TemSetaPontaA Valor="false"/>
<TemSetaPontaB Valor="false"/>
<SetaAberta Valor="true"/>
<SetaLargura Valor="10"/>
<Inteligente Valor="true"/>
<Largura Valor="1"/>
<Ligacoes PontaA="452" PontaB="33"/>
<Pontos>
<Ponto Left="640" Top="143"/>
<Ponto Left="605" Top="143"/>
<Ponto Left="605" Top="111"/>
</Pontos>
</Ligacao>
<Atributo ID="455">
<Bounds Height="14" Left="109" Top="173" Width="32"/>
<DisablePainted Valor="false"/>
<Texto>id</Texto>
<Observacao/>
<Dicionario/>
<Fonte Estilo="1" Nome="Arial" Tamanho="12"/>
<Ancorado Valor="false"/>
<DirecaoFromInspector Valor="0"/>
<Autosize Valor="true"/>
<Identificador Valor="true"/>
<Opcional Valor="false"/>
<Multivalorado Valor="false"/>
<CardMinFromString Valor="1"/>
<CardMaxFromString Valor="n"/>
<TipoAtributo Valor=""/>
</Atributo>
<Atributo ID="472">
<Bounds Height="14" Left="120" Top="194" Width="53"/>
<DisablePainted Valor="false"/>
<Texto>nome</Texto>
<Observacao/>
<Dicionario/>
<Fonte Estilo="1" Nome="Arial" Tamanho="12"/>
<Ancorado Valor="false"/>
<DirecaoFromInspector Valor="0"/>
<Autosize Valor="true"/>
<Identificador Valor="false"/>
<Opcional Valor="false"/>
<Multivalorado Valor="false"/>
<CardMinFromString Valor="1"/>
<CardMaxFromString Valor="n"/>
<TipoAtributo Valor=""/>
</Atributo>
<Ligacao ID="473">
<DisablePainted Valor="false"/>
<Tag LinhaMestre="-1"/>
<Dashed Valor="false"/>
<Ancorado Valor="false"/>
<TemSetaPontaA Valor="false"/>
<TemSetaPontaB Valor="false"/>
<SetaAberta Valor="true"/>
<SetaLargura Valor="10"/>
<Inteligente Valor="true"/>
<Largura Valor="1"/>
<Ligacoes PontaA="472" PontaB="4"/>
<Pontos>
<Ponto Left="116" Top="198"/>
<Ponto Left="106" Top="198"/>
<Ponto Left="106" Top="273"/>
</Pontos>
</Ligacao>
<Atributo ID="476">
<Bounds Height="14" Left="138" Top="214" Width="40"/>
<DisablePainted Valor="false"/>
<Texto>cpf</Texto>
<Observacao/>
<Dicionario/>
<Fonte Estilo="1" Nome="Arial" Tamanho="12"/>
<Ancorado Valor="false"/>
<DirecaoFromInspector Valor="0"/>
<Autosize Valor="true"/>
<Identificador Valor="false"/>
<Opcional Valor="false"/>
<Multivalorado Valor="false"/>
<CardMinFromString Valor="1"/>
<CardMaxFromString Valor="n"/>
<TipoAtributo Valor=""/>
</Atributo>
<Ligacao ID="477">
<DisablePainted Valor="false"/>
<Tag LinhaMestre="-1"/>
<Dashed Valor="false"/>
<Ancorado Valor="false"/>
<TemSetaPontaA Valor="false"/>
<TemSetaPontaB Valor="false"/>
<SetaAberta Valor="true"/>
<SetaLargura Valor="10"/>
<Inteligente Valor="true"/>
<Largura Valor="1"/>
<Ligacoes PontaA="476" PontaB="4"/>
<Pontos>
<Ponto Left="134" Top="218"/>
<Ponto Left="117" Top="218"/>
<Ponto Left="117" Top="273"/>
</Pontos>
</Ligacao>
<Atributo ID="483">
<Bounds Height="14" Left="156" Top="233" Width="64"/>
<DisablePainted Valor="false"/>
<Texto>contato</Texto>
<Observacao/>
<Dicionario/>
<Fonte Estilo="1" Nome="Arial" Tamanho="12"/>
<Ancorado Valor="false"/>
<DirecaoFromInspector Valor="0"/>
<Autosize Valor="true"/>
<Identificador Valor="false"/>
<Opcional Valor="false"/>
<Multivalorado Valor="false"/>
<CardMinFromString Valor="1"/>
<CardMaxFromString Valor="n"/>
<TipoAtributo Valor=""/>
</Atributo>
<Ligacao ID="484">
<DisablePainted Valor="false"/>
<Tag LinhaMestre="-1"/>
<Dashed Valor="false"/>
<Ancorado Valor="false"/>
<TemSetaPontaA Valor="false"/>
<TemSetaPontaB Valor="false"/>
<SetaAberta Valor="true"/>
<SetaLargura Valor="10"/>
<Inteligente Valor="true"/>
<Largura Valor="1"/>
<Ligacoes PontaA="483" PontaB="4"/>
<Pontos>
<Ponto Left="152" Top="237"/>
<Ponto Left="134" Top="237"/>
<Ponto Left="134" Top="273"/>
</Pontos>
</Ligacao>
<Atributo ID="493">
<Bounds Height="14" Left="171" Top="251" Width="52"/>
<DisablePainted Valor="false"/>
<Texto>email</Texto>
<Observacao/>
<Dicionario/>
<Fonte Estilo="1" Nome="Arial" Tamanho="12"/>
<Ancorado Valor="false"/>
<DirecaoFromInspector Valor="0"/>
<Autosize Valor="true"/>
<Identificador Valor="false"/>
<Opcional Valor="false"/>
<Multivalorado Valor="false"/>
<CardMinFromString Valor="1"/>
<CardMaxFromString Valor="n"/>
<TipoAtributo Valor=""/>
</Atributo>
<Ligacao ID="494">
<DisablePainted Valor="false"/>
<Tag LinhaMestre="-1"/>
<Dashed Valor="false"/>
<Ancorado Valor="false"/>
<TemSetaPontaA Valor="false"/>
<TemSetaPontaB Valor="false"/>
<SetaAberta Valor="true"/>
<SetaLargura Valor="10"/>
<Inteligente Valor="true"/>
<Largura Valor="1"/>
<Ligacoes PontaA="493" PontaB="4"/>
<Pontos>
<Ponto Left="167" Top="255"/>
<Ponto Left="152" Top="255"/>
<Ponto Left="152" Top="273"/>
</Pontos>
</Ligacao>
<Atributo ID="508">
<Bounds Height="14" Left="391" Top="628" Width="53"/>
<DisablePainted Valor="false"/>
<Texto>nome</Texto>
<Observacao/>
<Dicionario/>
<Fonte Estilo="1" Nome="Arial" Tamanho="12"/>
<Ancorado Valor="false"/>
<DirecaoFromInspector Valor="0"/>
<Autosize Valor="true"/>
<Identificador Valor="false"/>
<Opcional Valor="false"/>
<Multivalorado Valor="false"/>
<CardMinFromString Valor="1"/>
<CardMaxFromString Valor="n"/>
<TipoAtributo Valor=""/>
</Atributo>
<Ligacao ID="509">
<DisablePainted Valor="false"/>
<Tag LinhaMestre="-1"/>
<Dashed Valor="false"/>
<Ancorado Valor="false"/>
<TemSetaPontaA Valor="false"/>
<TemSetaPontaB Valor="false"/>
<SetaAberta Valor="true"/>
<SetaLargura Valor="10"/>
<Inteligente Valor="true"/>
<Largura Valor="1"/>
<Ligacoes PontaA="508" PontaB="46"/>
<Pontos>
<Ponto Left="387" Top="632"/>
<Ponto Left="373" Top="632"/>
<Ponto Left="373" Top="547"/>
</Pontos>
</Ligacao>
<Atributo ID="512">
<Bounds Height="14" Left="405" Top="613" Width="40"/>
<DisablePainted Valor="false"/>
<Texto>cpf</Texto>
<Observacao/>
<Dicionario/>
<Fonte Estilo="1" Nome="Arial" Tamanho="12"/>
<Ancorado Valor="false"/>
<DirecaoFromInspector Valor="0"/>
<Autosize Valor="true"/>
<Identificador Valor="false"/>
<Opcional Valor="false"/>
<Multivalorado Valor="false"/>
<CardMinFromString Valor="1"/>
<CardMaxFromString Valor="n"/>
<TipoAtributo Valor=""/>
</Atributo>
<Ligacao ID="513">
<DisablePainted Valor="false"/>
<Tag LinhaMestre="-1"/>
<Dashed Valor="false"/>
<Ancorado Valor="false"/>
<TemSetaPontaA Valor="false"/>
<TemSetaPontaB Valor="false"/>
<SetaAberta Valor="true"/>
<SetaLargura Valor="10"/>
<Inteligente Valor="true"/>
<Largura Valor="1"/>
<Ligacoes PontaA="512" PontaB="46"/>
<Pontos>
<Ponto Left="401" Top="617"/>
<Ponto Left="388" Top="617"/>
<Ponto Left="388" Top="547"/>
</Pontos>
</Ligacao>
<Atributo ID="517">
<Bounds Height="14" Left="418" Top="595" Width="64"/>
<DisablePainted Valor="false"/>
<Texto>contato</Texto>
<Observacao/>
<Dicionario/>
<Fonte Estilo="1" Nome="Arial" Tamanho="12"/>
<Ancorado Valor="false"/>
<DirecaoFromInspector Valor="0"/>
<Autosize Valor="true"/>
<Identificador Valor="false"/>
<Opcional Valor="false"/>
<Multivalorado Valor="false"/>
<CardMinFromString Valor="1"/>
<CardMaxFromString Valor="n"/>
<TipoAtributo Valor=""/>
</Atributo>
<Ligacao ID="518">
<DisablePainted Valor="false"/>
<Tag LinhaMestre="-1"/>
<Dashed Valor="false"/>
<Ancorado Valor="false"/>
<TemSetaPontaA Valor="false"/>
<TemSetaPontaB Valor="false"/>
<SetaAberta Valor="true"/>
<SetaLargura Valor="10"/>
<Inteligente Valor="true"/>
<Largura Valor="1"/>
<Ligacoes PontaA="517" PontaB="46"/>
<Pontos>
<Ponto Left="414" Top="599"/>
<Ponto Left="402" Top="599"/>
<Ponto Left="402" Top="547"/>
</Pontos>
</Ligacao>
<Atributo ID="521">
<Bounds Height="14" Left="434" Top="577" Width="52"/>
<DisablePainted Valor="false"/>
<Texto>email</Texto>
<Observacao/>
<Dicionario/>
<Fonte Estilo="1" Nome="Arial" Tamanho="12"/>
<Ancorado Valor="false"/>
<DirecaoFromInspector Valor="0"/>
<Autosize Valor="true"/>
<Identificador Valor="false"/>
<Opcional Valor="false"/>
<Multivalorado Valor="false"/>
<CardMinFromString Valor="1"/>
<CardMaxFromString Valor="n"/>
<TipoAtributo Valor=""/>
</Atributo>
<Ligacao ID="522">
<DisablePainted Valor="false"/>
<Tag LinhaMestre="-1"/>
<Dashed Valor="false"/>
<Ancorado Valor="false"/>
<TemSetaPontaA Valor="false"/>
<TemSetaPontaB Valor="false"/>
<SetaAberta Valor="true"/>
<SetaLargura Valor="10"/>
<Inteligente Valor="true"/>
<Largura Valor="1"/>
<Ligacoes PontaA="521" PontaB="46"/>
<Pontos>
<Ponto Left="430" Top="581"/>
<Ponto Left="415" Top="581"/>
<Ponto Left="415" Top="547"/>
</Pontos>
</Ligacao>
<Atributo ID="525">
<Bounds Height="14" Left="446" Top="560" Width="59"/>
<DisablePainted Valor="false"/>
<Texto>id_loja</Texto>
<Observacao/>
<Dicionario/>
<Fonte Estilo="1" Nome="Arial" Tamanho="12"/>
<Ancorado Valor="false"/>
<DirecaoFromInspector Valor="0"/>
<Autosize Valor="true"/>
<Identificador Valor="false"/>
<Opcional Valor="false"/>
<Multivalorado Valor="false"/>
<CardMinFromString Valor="1"/>
<CardMaxFromString Valor="n"/>
<TipoAtributo Valor=""/>
</Atributo>
<Ligacao ID="526">
<DisablePainted Valor="false"/>
<Tag LinhaMestre="-1"/>
<Dashed Valor="false"/>
<Ancorado Valor="false"/>
<TemSetaPontaA Valor="false"/>
<TemSetaPontaB Valor="false"/>
<SetaAberta Valor="true"/>
<SetaLargura Valor="10"/>
<Inteligente Valor="true"/>
<Largura Valor="1"/>
<Ligacoes PontaA="525" PontaB="46"/>
<Pontos>
<Ponto Left="442" Top="564"/>
<Ponto Left="431" Top="564"/>
<Ponto Left="431" Top="547"/>
</Pontos>
</Ligacao>
<Atributo ID="541">
<Bounds Height="14" Left="663" Top="126" Width="53"/>
<DisablePainted Valor="false"/>
<Texto>nome</Texto>
<Observacao/>
<Dicionario/>
<Fonte Estilo="1" Nome="Arial" Tamanho="12"/>
<Ancorado Valor="false"/>
<DirecaoFromInspector Valor="0"/>
<Autosize Valor="true"/>
<Identificador Valor="false"/>
<Opcional Valor="false"/>
<Multivalorado Valor="false"/>
<CardMinFromString Valor="1"/>
<CardMaxFromString Valor="n"/>
<TipoAtributo Valor=""/>
</Atributo>
<Ligacao ID="542">
<DisablePainted Valor="false"/>
<Tag LinhaMestre="-1"/>
<Dashed Valor="false"/>
<Ancorado Valor="false"/>
<TemSetaPontaA Valor="false"/>
<TemSetaPontaB Valor="false"/>
<SetaAberta Valor="true"/>
<SetaLargura Valor="10"/>
<Inteligente Valor="true"/>
<Largura Valor="1"/>
<Ligacoes PontaA="541" PontaB="33"/>
<Pontos>
<Ponto Left="659" Top="130"/>
<Ponto Left="633" Top="130"/>
<Ponto Left="633" Top="111"/>
</Pontos>
</Ligacao>
<Atributo ID="548">
<Bounds Height="14" Left="948" Top="168" Width="32"/>
<DisablePainted Valor="false"/>
<Texto>id</Texto>
<Observacao/>
<Dicionario/>
<Fonte Estilo="1" Nome="Arial" Tamanho="12"/>
<Ancorado Valor="false"/>
<DirecaoFromInspector Valor="0"/>
<Autosize Valor="true"/>
<Identificador Valor="true"/>
<Opcional Valor="false"/>
<Multivalorado Valor="false"/>
<CardMinFromString Valor="1"/>
<CardMaxFromString Valor="n"/>
<TipoAtributo Valor=""/>
</Atributo>
<Ligacao ID="549">
<DisablePainted Valor="false"/>
<Tag LinhaMestre="-1"/>
<Dashed Valor="false"/>
<Ancorado Valor="false"/>
<TemSetaPontaA Valor="false"/>
<TemSetaPontaB Valor="false"/>
<SetaAberta Valor="true"/>
<SetaLargura Valor="10"/>
<Inteligente Valor="true"/>
<Largura Valor="1"/>
<Ligacoes PontaA="548" PontaB="34"/>
<Pontos>
<Ponto Left="944" Top="172"/>
<Ponto Left="916" Top="172"/>
<Ponto Left="916" Top="111"/>
</Pontos>
</Ligacao>
<Atributo ID="552">
<Bounds Height="14" Left="974" Top="153" Width="53"/>
<DisablePainted Valor="false"/>
<Texto>nome</Texto>
<Observacao/>
<Dicionario/>
<Fonte Estilo="1" Nome="Arial" Tamanho="12"/>
<Ancorado Valor="false"/>
<DirecaoFromInspector Valor="0"/>
<Autosize Valor="true"/>
<Identificador Valor="false"/>
<Opcional Valor="false"/>
<Multivalorado Valor="false"/>
<CardMinFromString Valor="1"/>
<CardMaxFromString Valor="n"/>
<TipoAtributo Valor=""/>
</Atributo>
<Atributo ID="559">
<Bounds Height="14" Left="1014" Top="127" Width="55"/>
<DisablePainted Valor="false"/>
<Texto>preco</Texto>
<Observacao/>
<Dicionario/>
<Fonte Estilo="1" Nome="Arial" Tamanho="12"/>
<Ancorado Valor="false"/>
<DirecaoFromInspector Valor="0"/>
<Autosize Valor="true"/>
<Identificador Valor="false"/>
<Opcional Valor="false"/>
<Multivalorado Valor="false"/>
<CardMinFromString Valor="1"/>
<CardMaxFromString Valor="n"/>
<TipoAtributo Valor=""/>
</Atributo>
<Ligacao ID="560">
<DisablePainted Valor="false"/>
<Tag LinhaMestre="-1"/>
<Dashed Valor="false"/>
<Ancorado Valor="false"/>
<TemSetaPontaA Valor="false"/>
<TemSetaPontaB Valor="false"/>
<SetaAberta Valor="true"/>
<SetaLargura Valor="10"/>
<Inteligente Valor="true"/>
<Largura Valor="1"/>
<Ligacoes PontaA="559" PontaB="34"/>
<Pontos>
<Ponto Left="1010" Top="131"/>
<Ponto Left="987" Top="131"/>
<Ponto Left="987" Top="111"/>
</Pontos>
</Ligacao>
<Atributo ID="569">
<Bounds Height="14" Left="1330" Top="292" Width="65"/>
<DisablePainted Valor="false"/>
<Texto>id_prod</Texto>
<Observacao/>
<Dicionario/>
<Fonte Estilo="1" Nome="Arial" Tamanho="12"/>
<Ancorado Valor="false"/>
<DirecaoFromInspector Valor="0"/>
<Autosize Valor="true"/>
<Identificador Valor="false"/>
<Opcional Valor="false"/>
<Multivalorado Valor="false"/>
<CardMinFromString Valor="1"/>
<CardMaxFromString Valor="n"/>
<TipoAtributo Valor=""/>
</Atributo>
<Ligacao ID="570">
<DisablePainted Valor="false"/>
<Tag LinhaMestre="-1"/>
<Dashed Valor="false"/>
<Ancorado Valor="false"/>
<TemSetaPontaA Valor="false"/>
<TemSetaPontaB Valor="false"/>
<SetaAberta Valor="true"/>
<SetaLargura Valor="10"/>
<Inteligente Valor="true"/>
<Largura Valor="1"/>
<Ligacoes PontaA="569" PontaB="23"/>
<Pontos>
<Ponto Left="1326" Top="296"/>
<Ponto Left="1306" Top="296"/>
<Ponto Left="1306" Top="296"/>
<Ponto Left="1285" Top="296"/>
</Pontos>
</Ligacao>
<Atributo ID="573">
<Bounds Height="14" Left="1316" Top="306" Width="59"/>
<DisablePainted Valor="false"/>
<Texto>id_loja</Texto>
<Observacao/>
<Dicionario/>
<Fonte Estilo="1" Nome="Arial" Tamanho="12"/>
<Ancorado Valor="false"/>
<DirecaoFromInspector Valor="0"/>
<Autosize Valor="true"/>
<Identificador Valor="false"/>
<Opcional Valor="false"/>
<Multivalorado Valor="false"/>
<CardMinFromString Valor="1"/>
<CardMaxFromString Valor="n"/>
<TipoAtributo Valor=""/>
</Atributo>
<Ligacao ID="574">
<DisablePainted Valor="false"/>
<Tag LinhaMestre="-1"/>
<Dashed Valor="false"/>
<Ancorado Valor="false"/>
<TemSetaPontaA Valor="false"/>
<TemSetaPontaB Valor="false"/>
<SetaAberta Valor="true"/>
<SetaLargura Valor="10"/>
<Inteligente Valor="true"/>
<Largura Valor="1"/>
<Ligacoes PontaA="573" PontaB="23"/>
<Pontos>
<Ponto Left="1312" Top="310"/>
<Ponto Left="1299" Top="310"/>
<Ponto Left="1299" Top="310"/>
<Ponto Left="1285" Top="310"/>
</Pontos>
</Ligacao>
<Atributo ID="579">
<Bounds Height="14" Left="1303" Top="319" Width="85"/>
<DisablePainted Valor="false"/>
<Texto>quantidade</Texto>
<Observacao/>
<Dicionario/>
<Fonte Estilo="1" Nome="Arial" Tamanho="12"/>
<Ancorado Valor="false"/>
<DirecaoFromInspector Valor="0"/>
<Autosize Valor="true"/>
<Identificador Valor="false"/>
<Opcional Valor="false"/>
<Multivalorado Valor="false"/>
<CardMinFromString Valor="1"/>
<CardMaxFromString Valor="n"/>
<TipoAtributo Valor=""/>
</Atributo>
<Ligacao ID="580">
<DisablePainted Valor="false"/>
<Tag LinhaMestre="-1"/>
<Dashed Valor="false"/>
<Ancorado Valor="false"/>
<TemSetaPontaA Valor="false"/>
<TemSetaPontaB Valor="false"/>
<SetaAberta Valor="true"/>
<SetaLargura Valor="10"/>
<Inteligente Valor="true"/>
<Largura Valor="1"/>
<Ligacoes PontaA="579" PontaB="23"/>
<Pontos>
<Ponto Left="1299" Top="323"/>
<Ponto Left="1292" Top="323"/>
<Ponto Left="1292" Top="323"/>
<Ponto Left="1285" Top="323"/>
</Pontos>
</Ligacao>
<Atributo ID="599">
<Bounds Height="14" Left="894" Top="570" Width="53"/>
<DisablePainted Valor="false"/>
<Texto>nome</Texto>
<Observacao/>
<Dicionario/>
<Fonte Estilo="1" Nome="Arial" Tamanho="12"/>
<Ancorado Valor="false"/>
<DirecaoFromInspector Valor="0"/>
<Autosize Valor="true"/>
<Identificador Valor="false"/>
<Opcional Valor="false"/>
<Multivalorado Valor="false"/>
<CardMinFromString Valor="1"/>
<CardMaxFromString Valor="n"/>
<TipoAtributo Valor=""/>
</Atributo>
<Ligacao ID="600">
<DisablePainted Valor="false"/>
<Tag LinhaMestre="-1"/>
<Dashed Valor="false"/>
<Ancorado Valor="false"/>
<TemSetaPontaA Valor="false"/>
<TemSetaPontaB Valor="false"/>
<SetaAberta Valor="true"/>
<SetaLargura Valor="10"/>
<Inteligente Valor="true"/>
<Largura Valor="1"/>
<Ligacoes PontaA="599" PontaB="55"/>
<Pontos>
<Ponto Left="890" Top="574"/>
<Ponto Left="876" Top="574"/>
<Ponto Left="876" Top="549"/>
</Pontos>
</Ligacao>
<Atributo ID="628">
<Bounds Height="14" Left="994" Top="140" Width="92"/>
<DisablePainted Valor="false"/>
<Texto>id_categoria</Texto>
<Observacao/>
<Dicionario/>
<Fonte Estilo="1" Nome="Arial" Tamanho="12"/>
<Ancorado Valor="false"/>
<DirecaoFromInspector Valor="0"/>
<Autosize Valor="true"/>
<Identificador Valor="false"/>
<Opcional Valor="false"/>
<Multivalorado Valor="false"/>
<CardMinFromString Valor="1"/>
<CardMaxFromString Valor="n"/>
<TipoAtributo Valor=""/>
</Atributo>
<Atributo ID="636">
<Bounds Height="14" Left="443" Top="125" Width="44"/>
<DisablePainted Valor="false"/>
<Texto>tipo</Texto>
<Observacao/>
<Dicionario/>
<Fonte Estilo="1" Nome="Arial" Tamanho="12"/>
<Ancorado Valor="false"/>
<DirecaoFromInspector Valor="0"/>
<Autosize Valor="true"/>
<Identificador Valor="false"/>
<Opcional Valor="false"/>
<Multivalorado Valor="false"/>
<CardMinFromString Valor="1"/>
<CardMaxFromString Valor="n"/>
<TipoAtributo Valor=""/>
</Atributo>
<Ligacao ID="637">
<DisablePainted Valor="false"/>
<Tag LinhaMestre="-1"/>
<Dashed Valor="false"/>
<Ancorado Valor="false"/>
<TemSetaPontaA Valor="false"/>
<TemSetaPontaB Valor="false"/>
<SetaAberta Valor="true"/>
<SetaLargura Valor="10"/>
<Inteligente Valor="true"/>
<Largura Valor="1"/>
<Ligacoes PontaA="636" PontaB="28"/>
<Pontos>
<Ponto Left="439" Top="129"/>
<Ponto Left="422" Top="129"/>
<Ponto Left="422" Top="111"/>
</Pontos>
</Ligacao>
<Ligacao ID="650">
<DisablePainted Valor="false"/>
<Tag LinhaMestre="-1"/>
<Dashed Valor="false"/>
<Ancorado Valor="false"/>
<TemSetaPontaA Valor="false"/>
<TemSetaPontaB Valor="false"/>
<SetaAberta Valor="true"/>
<SetaLargura Valor="10"/>
<Inteligente Valor="true"/>
<Largura Valor="1"/>
<Ligacoes PontaA="15" PontaB="260"/>
<Pontos>
<Ponto Left="390" Top="272"/>
<Ponto Left="390" Top="242"/>
<Ponto Left="390" Top="242"/>
<Ponto Left="390" Top="212"/>
</Pontos>
<Cardinalidade ID="651">
<Bounds Height="15" Left="357" Top="253" Width="35"/>
<DisablePainted Valor="false"/>
<Texto>Cardinalidade_15</Texto>
<Observacao/>
<Dicionario/>
<Fonte Estilo="1" Nome="Arial" Tamanho="12"/>
<Ancorado Valor="false"/>
<TamanhoAutmatico Valor="true"/>
<Card Valor="2"/>
<MovimentacaoManual Valor="false"/>
<Papel Valor=""/>
</Cardinalidade>
</Ligacao>
<Atributo ID="661">
<Bounds Height="14" Left="431" Top="377" Width="64"/>
<DisablePainted Valor="false"/>
<Texto>id_func</Texto>
<Observacao/>
<Dicionario/>
<Fonte Estilo="1" Nome="Arial" Tamanho="12"/>
<Ancorado Valor="false"/>
<DirecaoFromInspector Valor="0"/>
<Autosize Valor="true"/>
<Identificador Valor="false"/>
<Opcional Valor="false"/>
<Multivalorado Valor="false"/>
<CardMinFromString Valor="1"/>
<CardMaxFromString Valor="n"/>
<TipoAtributo Valor=""/>
</Atributo>
<Ligacao ID="662">
<DisablePainted Valor="false"/>
<Tag LinhaMestre="-1"/>
<Dashed Valor="false"/>
<Ancorado Valor="false"/>
<TemSetaPontaA Valor="false"/>
<TemSetaPontaB Valor="false"/>
<SetaAberta Valor="true"/>
<SetaLargura Valor="10"/>
<Inteligente Valor="true"/>
<Largura Valor="1"/>
<Ligacoes PontaA="661" PontaB="15"/>
<Pontos>
<Ponto Left="427" Top="381"/>
<Ponto Left="412" Top="381"/>
<Ponto Left="412" Top="331"/>
</Pontos>
</Ligacao>
<Atributo ID="670">
<Bounds Height="14" Left="850" Top="387" Width="78"/>
<DisablePainted Valor="false"/>
<Texto>id_pedido</Texto>
<Observacao/>
<Dicionario/>
<Fonte Estilo="1" Nome="Arial" Tamanho="12"/>
<Ancorado Valor="false"/>
<DirecaoFromInspector Valor="0"/>
<Autosize Valor="true"/>
<Identificador Valor="false"/>
<Opcional Valor="false"/>
<Multivalorado Valor="false"/>
<CardMinFromString Valor="1"/>
<CardMaxFromString Valor="n"/>
<TipoAtributo Valor=""/>
</Atributo>
<Ligacao ID="671">
<DisablePainted Valor="false"/>
<Tag LinhaMestre="-1"/>
<Dashed Valor="false"/>
<Ancorado Valor="false"/>
<TemSetaPontaA Valor="false"/>
<TemSetaPontaB Valor="false"/>
<SetaAberta Valor="true"/>
<SetaLargura Valor="10"/>
<Inteligente Valor="true"/>
<Largura Valor="1"/>
<Ligacoes PontaA="670" PontaB="18"/>
<Pontos>
<Ponto Left="846" Top="391"/>
<Ponto Left="833" Top="391"/>
<Ponto Left="833" Top="332"/>
</Pontos>
</Ligacao>
<Atributo ID="674">
<Bounds Height="14" Left="870" Top="368" Width="84"/>
<DisablePainted Valor="false"/>
<Texto>id_produto</Texto>
<Observacao/>
<Dicionario/>
<Fonte Estilo="1" Nome="Arial" Tamanho="12"/>
<Ancorado Valor="false"/>
<DirecaoFromInspector Valor="0"/>
<Autosize Valor="true"/>
<Identificador Valor="false"/>
<Opcional Valor="false"/>
<Multivalorado Valor="false"/>
<CardMinFromString Valor="1"/>
<CardMaxFromString Valor="n"/>
<TipoAtributo Valor=""/>
</Atributo>
<Ligacao ID="675">
<DisablePainted Valor="false"/>
<Tag LinhaMestre="-1"/>
<Dashed Valor="false"/>
<Ancorado Valor="false"/>
<TemSetaPontaA Valor="false"/>
<TemSetaPontaB Valor="false"/>
<SetaAberta Valor="true"/>
<SetaLargura Valor="10"/>
<Inteligente Valor="true"/>
<Largura Valor="1"/>
<Ligacoes PontaA="674" PontaB="18"/>
<Pontos>
<Ponto Left="866" Top="372"/>
<Ponto Left="849" Top="372"/>
<Ponto Left="849" Top="332"/>
</Pontos>
</Ligacao>
<Atributo ID="681">
<Bounds Height="14" Left="886" Top="352" Width="85"/>
<DisablePainted Valor="false"/>
<Texto>id_estoque</Texto>
<Observacao/>
<Dicionario/>
<Fonte Estilo="1" Nome="Arial" Tamanho="12"/>
<Ancorado Valor="false"/>
<DirecaoFromInspector Valor="0"/>
<Autosize Valor="true"/>
<Identificador Valor="false"/>
<Opcional Valor="false"/>
<Multivalorado Valor="false"/>
<CardMinFromString Valor="1"/>
<CardMaxFromString Valor="n"/>
<TipoAtributo Valor=""/>
</Atributo>
<Ligacao ID="682">
<DisablePainted Valor="false"/>
<Tag LinhaMestre="-1"/>
<Dashed Valor="false"/>
<Ancorado Valor="false"/>
<TemSetaPontaA Valor="false"/>
<TemSetaPontaB Valor="false"/>
<SetaAberta Valor="true"/>
<SetaLargura Valor="10"/>
<Inteligente Valor="true"/>
<Largura Valor="1"/>
<Ligacoes PontaA="681" PontaB="18"/>
<Pontos>
<Ponto Left="882" Top="356"/>
<Ponto Left="872" Top="356"/>
<Ponto Left="872" Top="332"/>
</Pontos>
</Ligacao>
<Atributo ID="690">
<Bounds Height="14" Left="312" Top="377" Width="32"/>
<DisablePainted Valor="false"/>
<Texto>id</Texto>
<Observacao/>
<Dicionario/>
<Fonte Estilo="1" Nome="Arial" Tamanho="12"/>
<Ancorado Valor="false"/>
<DirecaoFromInspector Valor="1"/>
<Autosize Valor="true"/>
<Identificador Valor="true"/>
<Opcional Valor="false"/>
<Multivalorado Valor="false"/>
<CardMinFromString Valor="1"/>
<CardMaxFromString Valor="n"/>
<TipoAtributo Valor=""/>
</Atributo>
<Ligacao ID="691">
<DisablePainted Valor="false"/>
<Tag LinhaMestre="-1"/>
<Dashed Valor="false"/>
<Ancorado Valor="false"/>
<TemSetaPontaA Valor="false"/>
<TemSetaPontaB Valor="false"/>
<SetaAberta Valor="true"/>
<SetaLargura Valor="10"/>
<Inteligente Valor="true"/>
<Largura Valor="1"/>
<Ligacoes PontaA="15" PontaB="690"/>
<Pontos>
<Ponto Left="356" Top="331"/>
<Ponto Left="356" Top="381"/>
<Ponto Left="342" Top="381"/>
</Pontos>
</Ligacao>
<Atributo ID="700">
<Bounds Height="14" Left="236" Top="359" Width="77"/>
<DisablePainted Valor="false"/>
<Texto>id_cliente</Texto>
<Observacao/>
<Dicionario/>
<Fonte Estilo="1" Nome="Arial" Tamanho="12"/>
<Ancorado Valor="false"/>
<DirecaoFromInspector Valor="1"/>
<Autosize Valor="true"/>
<Identificador Valor="false"/>
<Opcional Valor="false"/>
<Multivalorado Valor="false"/>
<CardMinFromString Valor="1"/>
<CardMaxFromString Valor="n"/>
<TipoAtributo Valor=""/>
</Atributo>
<Atributo ID="706">
<Bounds Height="14" Left="431" Top="227" Width="101"/>
<DisablePainted Valor="false"/>
<Texto>id_pagamento</Texto>
<Observacao/>
<Dicionario/>
<Fonte Estilo="1" Nome="Arial" Tamanho="12"/>
<Ancorado Valor="false"/>
<DirecaoFromInspector Valor="0"/>
<Autosize Valor="true"/>
<Identificador Valor="false"/>
<Opcional Valor="false"/>
<Multivalorado Valor="false"/>
<CardMinFromString Valor="1"/>
<CardMaxFromString Valor="n"/>
<TipoAtributo Valor=""/>
</Atributo>
<Ligacao ID="707">
<DisablePainted Valor="false"/>
<Tag LinhaMestre="-1"/>
<Dashed Valor="false"/>
<Ancorado Valor="false"/>
<TemSetaPontaA Valor="false"/>
<TemSetaPontaB Valor="false"/>
<SetaAberta Valor="true"/>
<SetaLargura Valor="10"/>
<Inteligente Valor="true"/>
<Largura Valor="1"/>
<Ligacoes PontaA="706" PontaB="15"/>
<Pontos>
<Ponto Left="428" Top="231"/>
<Ponto Left="412" Top="231"/>
<Ponto Left="412" Top="272"/>
</Pontos>
</Ligacao>
<Ligacao ID="742">
<DisablePainted Valor="false"/>
<Tag LinhaMestre="-1"/>
<Dashed Valor="false"/>
<Ancorado Valor="false"/>
<TemSetaPontaA Valor="false"/>
<TemSetaPontaB Valor="false"/>
<SetaAberta Valor="true"/>
<SetaLargura Valor="10"/>
<Inteligente Valor="true"/>
<Largura Valor="1"/>
<Ligacoes PontaA="15" PontaB="700"/>
<Pontos>
<Ponto Left="343" Top="331"/>
<Ponto Left="343" Top="363"/>
<Ponto Left="311" Top="363"/>
</Pontos>
</Ligacao>
<Atributo ID="824">
<Bounds Height="14" Left="451" Top="359" Width="82"/>
<DisablePainted Valor="false"/>
<Texto>valor_total</Texto>
<Observacao/>
<Dicionario/>
<Fonte Estilo="1" Nome="Arial" Tamanho="12"/>
<Ancorado Valor="false"/>
<DirecaoFromInspector Valor="0"/>
<Autosize Valor="true"/>
<Identificador Valor="false"/>
<Opcional Valor="false"/>
<Multivalorado Valor="false"/>
<CardMinFromString Valor="1"/>
<CardMaxFromString Valor="n"/>
<TipoAtributo Valor=""/>
</Atributo>
<Ligacao ID="825">
<DisablePainted Valor="false"/>
<Tag LinhaMestre="-1"/>
<Dashed Valor="false"/>
<Ancorado Valor="false"/>
<TemSetaPontaA Valor="false"/>
<TemSetaPontaB Valor="false"/>
<SetaAberta Valor="true"/>
<SetaLargura Valor="10"/>
<Inteligente Valor="true"/>
<Largura Valor="1"/>
<Ligacoes PontaA="824" PontaB="15"/>
<Pontos>
<Ponto Left="447" Top="363"/>
<Ponto Left="427" Top="363"/>
<Ponto Left="427" Top="331"/>
</Pontos>
</Ligacao>
<Ligacao ID="1044">
<DisablePainted Valor="false"/>
<Tag LinhaMestre="-1"/>
<Dashed Valor="false"/>
<Ancorado Valor="false"/>
<TemSetaPontaA Valor="false"/>
<TemSetaPontaB Valor="false"/>
<SetaAberta Valor="true"/>
<SetaLargura Valor="10"/>
<Inteligente Valor="true"/>
<Largura Valor="1"/>
<Ligacoes PontaA="275" PontaB="55"/>
<Pontos>
<Ponto Left="1184" Top="511"/>
<Ponto Left="1026" Top="513"/>
<Ponto Left="1026" Top="513"/>
<Ponto Left="920" Top="513"/>
</Pontos>
<Cardinalidade ID="1045">
<Bounds Height="15" Left="930" Top="500" Width="34"/>
<DisablePainted Valor="false"/>
<Texto>Cardinalidade_18</Texto>
<Observacao/>
<Dicionario/>
<Fonte Estilo="1" Nome="Arial" Tamanho="12"/>
<Ancorado Valor="false"/>
<TamanhoAutmatico Valor="true"/>
<Card Valor="0"/>
<MovimentacaoManual Valor="false"/>
<Papel Valor=""/>
</Cardinalidade>
</Ligacao>
<Ligacao ID="1083">
<DisablePainted Valor="false"/>
<Tag LinhaMestre="-1"/>
<Dashed Valor="false"/>
<Ancorado Valor="false"/>
<TemSetaPontaA Valor="false"/>
<TemSetaPontaB Valor="false"/>
<SetaAberta Valor="true"/>
<SetaLargura Valor="10"/>
<Inteligente Valor="true"/>
<Largura Valor="1"/>
<Ligacoes PontaA="455" PontaB="4"/>
<Pontos>
<Ponto Left="105" Top="177"/>
<Ponto Left="89" Top="177"/>
<Ponto Left="89" Top="273"/>
</Pontos>
</Ligacao>
<Ligacao ID="1118">
<DisablePainted Valor="false"/>
<Tag LinhaMestre="-1"/>
<Dashed Valor="false"/>
<Ancorado Valor="false"/>
<TemSetaPontaA Valor="false"/>
<TemSetaPontaB Valor="false"/>
<SetaAberta Valor="true"/>
<SetaLargura Valor="10"/>
<Inteligente Valor="true"/>
<Largura Valor="1"/>
<Ligacoes PontaA="18" PontaB="211"/>
<Pontos>
<Ponto Left="920" Top="304"/>
<Ponto Left="964" Top="304"/>
<Ponto Left="964" Top="304"/>
<Ponto Left="1008" Top="304"/>
</Pontos>
<Cardinalidade ID="1119">
<Bounds Height="15" Left="930" Top="291" Width="35"/>
<DisablePainted Valor="false"/>
<Texto>Cardinalidade_5</Texto>
<Observacao/>
<Dicionario/>
<Fonte Estilo="1" Nome="Arial" Tamanho="12"/>
<Ancorado Valor="false"/>
<TamanhoAutmatico Valor="true"/>
<Card Valor="2"/>
<MovimentacaoManual Valor="false"/>
<Papel Valor=""/>
</Cardinalidade>
</Ligacao>
<Atributo ID="1148">
<Bounds Height="14" Left="905" Top="337" Width="85"/>
<DisablePainted Valor="false"/>
<Texto>quantidade</Texto>
<Observacao/>
<Dicionario/>
<Fonte Estilo="1" Nome="Arial" Tamanho="12"/>
<Ancorado Valor="false"/>
<DirecaoFromInspector Valor="0"/>
<Autosize Valor="true"/>
<Identificador Valor="false"/>
<Opcional Valor="false"/>
<Multivalorado Valor="false"/>
<CardMinFromString Valor="1"/>
<CardMaxFromString Valor="n"/>
<TipoAtributo Valor=""/>
</Atributo>
<Ligacao ID="1149">
<DisablePainted Valor="false"/>
<Tag LinhaMestre="-1"/>
<Dashed Valor="false"/>
<Ancorado Valor="false"/>
<TemSetaPontaA Valor="false"/>
<TemSetaPontaB Valor="false"/>
<SetaAberta Valor="true"/>
<SetaLargura Valor="10"/>
<Inteligente Valor="true"/>
<Largura Valor="1"/>
<Ligacoes PontaA="1148" PontaB="18"/>
<Pontos>
<Ponto Left="901" Top="341"/>
<Ponto Left="892" Top="341"/>
<Ponto Left="892" Top="333"/>
<Ponto Left="892" Top="333"/>
<Ponto Left="893" Top="333"/>
<Ponto Left="893" Top="332"/>
</Pontos>
</Ligacao>
<Ligacao ID="1175">
<DisablePainted Valor="false"/>
<Tag LinhaMestre="-1"/>
<Dashed Valor="false"/>
<Ancorado Valor="false"/>
<TemSetaPontaA Valor="false"/>
<TemSetaPontaB Valor="false"/>
<SetaAberta Valor="true"/>
<SetaLargura Valor="10"/>
<Inteligente Valor="true"/>
<Largura Valor="1"/>
<Ligacoes PontaA="628" PontaB="34"/>
<Pontos>
<Ponto Left="990" Top="144"/>
<Ponto Left="962" Top="144"/>
<Ponto Left="962" Top="111"/>
</Pontos>
</Ligacao>
<Ligacao ID="1177">
<DisablePainted Valor="false"/>
<Tag LinhaMestre="-1"/>
<Dashed Valor="false"/>
<Ancorado Valor="false"/>
<TemSetaPontaA Valor="false"/>
<TemSetaPontaB Valor="false"/>
<SetaAberta Valor="true"/>
<SetaLargura Valor="10"/>
<Inteligente Valor="true"/>
<Largura Valor="1"/>
<Ligacoes PontaA="552" PontaB="34"/>
<Pontos>
<Ponto Left="970" Top="157"/>
<Ponto Left="937" Top="157"/>
<Ponto Left="937" Top="111"/>
</Pontos>
</Ligacao>
<Atributo ID="1263">
<Bounds Height="14" Left="450" Top="250" Width="56"/>
<DisablePainted Valor="false"/>
<Texto>status</Texto>
<Observacao/>
<Dicionario/>
<Fonte Estilo="1" Nome="Arial" Tamanho="12"/>
<Ancorado Valor="false"/>
<DirecaoFromInspector Valor="0"/>
<Autosize Valor="true"/>
<Identificador Valor="false"/>
<Opcional Valor="false"/>
<Multivalorado Valor="false"/>
<CardMinFromString Valor="1"/>
<CardMaxFromString Valor="n"/>
<TipoAtributo Valor=""/>
</Atributo>
<Ligacao ID="1264">
<DisablePainted Valor="false"/>
<Tag LinhaMestre="-1"/>
<Dashed Valor="false"/>
<Ancorado Valor="false"/>
<TemSetaPontaA Valor="false"/>
<TemSetaPontaB Valor="false"/>
<SetaAberta Valor="true"/>
<SetaLargura Valor="10"/>
<Inteligente Valor="true"/>
<Largura Valor="1"/>
<Ligacoes PontaA="1263" PontaB="15"/>
<Pontos>
<Ponto Left="446" Top="254"/>
<Ponto Left="427" Top="254"/>
<Ponto Left="427" Top="272"/>
</Pontos>
</Ligacao>
</DIAGRAMA>
